id,text,created_at,author_id,like_count,reply_count,repost_count,quote_count,engagement,topic,country,intensity,source
https://www.digitaljournal.com/world/steve-witkoff-neophyte-diplomat-turned-trumps-global-fixer/article,"Steve Witkoff, neophyte diplomat turned Trump’s global fixer. The American at the forefront of negotiating an end to the Ukraine war is not a veteran diplomat or the US secretary of state but a billionaire real estate developer, Steve Witkoff. Much like President Donald Trump — for years his friend and golfing partner —…",2025-12-02T21:52:20Z,Digital Journal,0,0,0,0,0,war & foreign policy,Ukraine,4,digital_journal
https://www.cbc.ca/news/canada/nova-scotia/guaranteed-basic-income-poverty-reduction-9.7000458,N.S. government has no plans to consider guaranteed basic income. The deputy minister for the Social Development Department said the potential cost and questions about federal support are the key reasons why the Nova Scotia government is not prepared to consider the introduction of a guaranteed basic income.,2025-12-02T21:22:23Z,CBC News,0,0,0,0,0,technology & ai,Unknown,1,cbc_news
https://www.npr.org/2025/12/02/nx-s1-5629183/the-outlook-for-affordable-care-act-subsidies,"The Outlook For Affordable Care Act Subsidies. <a href=""https://the1a.org/segments/the-stakes-of-the-shutdown-a-1a-call-in-special/""target=""_blank""   >The longest government shutdown in U.S. history</a> ended a little over two weeks ago. Federal workers are back on the job. But one of the biggest fights t…",2025-12-02T21:22:11Z,NPR,0,0,0,0,0,politics,Unknown,1,npr
https://pypi.org/project/enginecli-dev/2.0.4/,enginecli-dev 2.0.4. AI-powered code generation CLI with context-aware intelligence,2025-12-02T21:21:55Z,Pypi.org,0,0,0,0,0,war & foreign policy,Unknown,4,pypi.org
https://wccftech.com/samsung-executive-provides-explanation-why-galaxy-z-trifold-does-not-feature-snapdragon-8-elite-gen-5/,"A Samsung Executive Has A Lame Excuse For Not Using The Snapdragon 8 Elite Gen 5 On The Newly Announced Galaxy Z TriFold. The Galaxy Z TriFold is the pinnacle of foldable smartphone technology from Samsung, developed using the culmination of experience and experimentation in the field that stretches the boundaries of this form factor. From announcing the original Galaxy Fold in …",2025-12-02T21:21:40Z,Wccftech,0,0,0,0,0,technology & ai,Unknown,1,wccftech
https://screenrant.com/apple-music-replay-2025-comprehensive-year-in-review-explainer/,"Apple Music's Replay 2025: A Comprehensive Year in Review Explainer. Apple Music's Replay 2025 offers an in-depth look at users' listening habits, highlighting top artists, songs, and personalized stats.",2025-12-02T21:21:04Z,Screen Rant,0,0,0,0,0,technology & ai,Unknown,1,screen_rant
https://slashdot.org/story/25/12/02/1930223/amazon-to-use-nvidia-tech-in-ai-chips-roll-out-new-servers,"Amazon To Use Nvidia Tech In AI Chips, Roll Out New Servers. AWS is deepening its partnership with Nvidia by adopting ""NVLink Fusion"" in its upcoming Trainium4 AI chips. ""The NVLink technology creates speedy connections between different kinds of chips and is one of Nvidia's crown jewels,"" notes Reuters. From the repor…",2025-12-02T21:21:00Z,Slashdot.org,0,0,0,0,0,technology & ai,Unknown,1,slashdot.org
https://loudwire.com/blessthefall-pull-ai-generated-shirt-statement/,Blessthefall Pull AI-Generated 'Bless the Slice' Shirt. Blessthefall have addressed complaints that a piece of their merch was utilizing Ai-generated imagery. Continue reading…,2025-12-02T21:20:40Z,Loudwire,0,0,0,0,0,technology & ai,Unknown,1,loudwire
https://www.androidheadlines.com/2025/12/instagram-may-soon-limit-three-hashtags-per-post.html,Instagram May Soon Limit Three Hashtags Per Post. Instagram may soon limit up to three hashtags per post. Multiple users are reportedly seeing this limitation when trying to add more hashtags.,2025-12-02T21:20:34Z,Android Headlines,0,0,0,0,0,infrastructure & supply chain,Unknown,1,android_headlines
https://timesofindia.indiatimes.com/india/govt-softens-stand-on-pre-installation-of-sanchar-saathi/articleshow/125728265.cms,"Govt softens stand on pre-installation of Sanchar Saathi. Government clarifies users can uninstall the Sanchar Saathi app, despite mandatory pre-installation for manufacturers. Communications Minister Jyotiraditya Scindia assured the app protects against cyber fraud, refuting snooping concerns. Critics, including Co…",2025-12-02T21:20:23Z,The Times of India,0,0,0,0,0,technology & ai,India,2,the_times_of_india
https://bringatrailer.com/listing/2009-ford-e-350-9/,"One-Owner 2009 Ford E-350 XLT at No Reserve. This 2009 Ford E-350 XLT was purchased new by the seller at Pioneer Ford-Mercury in Bremen, Ga, and it has since travelled approximately 32k miles. Finished in Brilliant Silver Clearcoat over Medium Flint cloth, the van is powered by a 6.8-liter V10 linked wi…",2025-12-02T21:20:13Z,Bringatrailer.com,0,0,0,0,0,technology & ai,Unknown,1,bringatrailer.com
https://www.memeorandum.com/251202/p117,"Pressley won't challenge Markey, will run for re-election (Tal Kopan/The Boston Globe). Tal Kopan / The Boston Globe:
Pressley won't challenge Markey, will run for re-election  —  Representative Ayanna Pressley of Boston will run for re-election to the House next year, forgoing a run for Senate and a challenge to incumbent Senator Ed Markey.  — …",2025-12-02T21:20:00Z,Memeorandum.com,0,0,0,0,0,war & foreign policy,Unknown,1,memeorandum.com
https://cointelegraph.com/news/kraken-backed-finance-2025-acquisition-xstocks-tokenization,"Kraken adds Backed Finance to 2025 acquisition streak, brings xStocks in-house. The acquisition will give Kraken full control of the xStocks tokenized-equity platform, strengthening the exchange’s push into regulated real-world assets.",2025-12-02T21:19:15Z,Cointelegraph,0,0,0,0,0,economics,Unknown,1,cointelegraph
https://pypi.org/project/flexmeasures/0.30.0/,"flexmeasures 0.30.0. The *FlexMeasures Platform* is the intelligent backend to support real-time energy flexibility apps, rapidly and scalable.",2025-12-02T21:18:13Z,Pypi.org,0,0,0,0,0,technology & ai,Unknown,1,pypi.org
https://truthout.org/articles/republican-files-bill-to-eliminate-dual-citizenship-force-renunciations/,"Republican Files Bill to Eliminate Dual Citizenship, Force Renunciations. The legislation directs the Secretary of State to create a database on those with multiple citizenships.",2025-12-02T21:18:01Z,Truthout,0,0,0,0,0,politics,Unknown,1,truthout
https://pypi.org/project/kurral/0.2.1/,kurral 0.2.1. Deterministic testing and replay framework for AI agents,2025-12-02T21:17:36Z,Pypi.org,0,0,0,0,0,technology & ai,Unknown,1,pypi.org
https://thefly.com/permalinks/entry.php/id4248894/LESL-Leslies-reports-Q-adjusted-EPS-c-vs-c-last-year,"Leslie's reports Q4 adjusted EPS 9c vs. 47c last year. See the rest of the story here.

thefly.com provides the latest financial news as it breaks. Known as a leader in market intelligence, The Fly's real-time, streaming news feed keeps individual investors, professional money managers, active traders, and corpor…",2025-12-02T21:17:34Z,Thefly.com,0,0,0,0,0,infrastructure & supply chain,Unknown,1,thefly.com
https://www.abc.net.au/news/2025-12-03/asx-markets-business-live-news/106094800,"Live: ASX to rise ahead of Australian GDP figures as Wall Street rises on rate cut expectations. The local share market is likely to rise in morning trade, following a solid overnight performance on Wall Street. The ABS will release new figures showing the Australian economy likely grew 2.2 per cent in the year to September, according to economist predic…",2025-12-02T21:17:26Z,ABC News (AU),0,0,0,0,0,economics,Australia,1,abc_news_(au)
https://www.101greatgoals.com/football/la-liga/barcelona-lewandowski-miss-penalty/,Barcelona v Atletico Madrid: Lewandowski misses first penalty at new Camp Nou. Robert Lewandowski fluffed his lines in horrible fashion in the first half of Barcelona's clash with Atletico Madrid at the revamped Camp Nou.,2025-12-02T21:17:24Z,101 Great Goals,0,0,0,0,0,economics,Unknown,1,101_great_goals
https://pypi.org/project/literalai-python/,literalai-python added to PyPI. A LiteralAI compiler for Python,2025-12-02T21:17:11Z,Pypi.org,0,0,0,0,0,technology & ai,Unknown,1,pypi.org
https://freerepublic.com/focus/f-chat/4355674/posts,"Oklahoma student flunked by TA after touting Christian beliefs in gender essay, directs others to ‘push back’. Graduate teaching assistant Mel Curth failed student on essay advocating Biblical values and traditional gender roles. A University of Oklahoma student who received a zero out of 25 on an assignment regarding gender norms says she was targeted for her Christi…",2025-12-02T21:16:07Z,Freerepublic.com,0,0,0,0,0,technology & ai,Unknown,1,freerepublic.com
https://www.dailysignal.com/2025/12/02/congress-contemplates-ai-provision-in-defense-bill/,"Congress Could Slip a Major AI Regulation Change Into the NDAA. Lawmakers in Washington are contemplating an artificial intelligence provision that could have wide ranging ramifications for how states and localities regulate the emerging technology and... Read More
The post Congress Could Slip a Major AI Regulation Change…",2025-12-02T21:16:06Z,Daily Signal,0,0,0,0,0,technology & ai,Unknown,1,daily_signal
https://www.globenewswire.com/news-release/2025/12/02/3198435/12398/en/SPS-Commerce-to-Present-at-the-Nasdaq-53rd-Investor-Conference.html,"SPS Commerce to Present at the Nasdaq 53rd Investor Conference. MINNEAPOLIS, Dec. 02, 2025 (GLOBE NEWSWIRE) -- SPS Commerce, Inc. (NASDAQ: SPSC), a leader in retail supply chain cloud services, today announced that management will present at the Nasdaq 53rd Investor Conference on Tuesday, December 9, 2025, at 3:00 PM GMT.",2025-12-02T21:16:00Z,GlobeNewswire,0,0,0,0,0,technology & ai,Unknown,1,globenewswire
https://www.artnews.com/art-news/news/national-portrait-gallery-spielberg-jamie-dimon-1234764575/,"National Portrait Gallery Pays Tribute to Steven Spielberg, Chase Bank CEO Jamie Dimon, and Others. The National Portrait Gallery in Washington, D.C., will show new portraits of Steven Spielberg, Chase Bank CEO Jamie Dimon, and others in an exhibition titled ""Portrait of a Nation.""",2025-12-02T21:22:18Z,ARTnews,0,0,0,0,0,technology & ai,Unknown,1,artnews
https://www.nbcsports.com/motor-sports/news/clubmx-announces-max-vohland-hunter-yoder-as-west-coast-250-riders-coty-schock-devin-simonson-east-coast,"ClubMX announces Max Vohland, Hunter Yoder as West Coast 250 riders, Coty Schock, Devin Simonson East Coast. Assigning Coty Schock and Devin Simonson as East Coast riders is intended to allow them more time to train after racing internationally.",2025-12-02T21:22:52Z,NBCSports.com,0,0,0,0,0,technology & ai,Unknown,1,nbcsports.com
https://www.mediaite.com/media/news/cnn-inks-deal-with-major-prediction-market-backed-by-trump-jr-report/,"CNN Inks Deal With Major Prediction Market Backed by Trump Jr.: Report. CNN has reportedly secured a partnership with the prediction market Kalshi, which will bring the company's prediction data to CNN's programming.
The post CNN Inks Deal With Major Prediction Market Backed by Trump Jr.: Report first appeared on Mediaite.",2025-12-02T21:50:46Z,Mediaite,0,0,0,0,0,technology & ai,Unknown,1,mediaite
https://www.globenewswire.com/news-release/2025/12/02/3198437/0/en/System-Solutions-LLC-Released-ShipRush-Integration-for-Microsoft-Dynamics-365-Business-Central.html,"System Solutions LLC Released ShipRush Integration for Microsoft Dynamics 365 Business Central. Ship and print labels from USPS, UPS, FedEx and all major LTL Freight Carriers with Microsoft Dynamics 365 Business Central integration to ShipRush. ......",2025-12-02T21:23:00Z,GlobeNewswire,0,0,0,0,0,infrastructure & supply chain,Unknown,1,globenewswire
https://japantoday.com/category/world/us-lawmakers-to-force-vote-on-war-powers-if-trump-attacks-venezuela,U.S. lawmakers to force vote on war powers if Trump attacks Venezuela. A group of U.S. senators who have tried repeatedly to rein in President Donald Trump's aggression against Venezuela said on Tuesday they would file a new resolution to force a congressional vote on the issue if the administration carries out a strike within t…,2025-12-02T21:28:26Z,Japan Today,0,0,0,0,0,war & foreign policy,Venezuela,5,japan_today
https://nationalpost.com/news/politics/stellantis-contradicts-government-says-it-never-requested-redactions-to-contract-provided-to-mps,"Stellantis contradicts government, says it never requested redactions to contract provided to MPs. Auto giant Stellantis says the government, not the company, insisted on redacting copies of a controversial agreement.",2025-12-02T21:27:16Z,National Post,0,0,0,0,0,government,Unknown,1,national_post
https://nypost.com/2025/12/02/us-news/la-county-board-votes-to-ban-ice-from-wearing-masks/,LA’s progressive Board of Supervisors votes to ban masked ICE agents — DHS fires back in furious rebuke. DHS spokesperson Tricia McLaughlin blasted the proposal as dangerous and unconstitutional.,2025-12-02T21:26:52Z,New York Post,0,0,0,0,0,politics,Uk,3,new_york_post
https://pypi.org/project/ai-agent-rules/0.5.4/,ai-agent-rules 0.5.4. Manage user-level AI agent configurations,2025-12-02T21:26:42Z,Pypi.org,0,0,0,0,0,technology & ai,Unknown,1,pypi.org
https://financialpost.com/globe-newswire/system-solutions-llc-released-shiprush-integration-for-microsoft-dynamics-365-business-central,"System Solutions LLC Released ShipRush Integration for Microsoft Dynamics 365 Business Central. GLASTONBURY, Conn., Dec. 02, 2025 (GLOBE NEWSWIRE) — System Solutions LLC announced the release of a powerful new integration connecting Descartes ShipRush with Microsoft Dynamics 365 Business Central cloud ERP software. This integration enables manufacturers…",2025-12-02T21:26:11Z,Financial Post,0,0,0,0,0,war & foreign policy,Unknown,4,financial_post
https://www.haaretz.com/israel-news/2025-12-02/ty-article/.premium/u-s-official-who-brokered-lebanon-cease-fire-urges-israel-against-war-with-hezbollah/0000019a-e08a-dece-a9da-e79ef0690000,"U.S. official who brokered Lebanon cease-fire urges Israel against war with Hezbollah. Speaking at the Israel Hayom conference, the Biden administration's envoy to Lebanon said Israel 'can't keep living in a state of war.' U.S. Envoy to the UN Mike Waltz praised Trump's Gaza cease-fire plan, saying a Doha strike under 'any other administration'…",2025-12-02T21:25:58Z,Haaretz,0,0,0,0,0,war & foreign policy,Israel,4,haaretz
https://pypi.org/project/decay-tools/0.3.0/,decay-tools 0.3.0. Python package for fitting single- and double-component nuclear decay time distributions and estimating optimal bins in the logarithmic form.,2025-12-02T21:25:16Z,Pypi.org,0,0,0,0,0,nuclear & wmd threats,Unknown,4,pypi.org
https://bringatrailer.com/listing/2007-aston-martin-v8-vantage-144/,"12k-Mile 2007 Aston Martin V8 Vantage Coupe 6-Speed at No Reserve. This 2007 Aston Martin V8 Vantage spent time with one owner in New Jersey prior to the selling dealer's acquisition in 2025, and it now has 12k miles. The car is powered by a 4.3-liter V8 paired with a six-speed manual transaxle and is finished in Tungsten Si…",2025-12-02T21:25:11Z,Bringatrailer.com,0,0,0,0,0,technology & ai,Unknown,1,bringatrailer.com
https://www.jalopnik.com/2037232/why-did-car-tires-switch-from-inner-tubes-to-tubeless-design/,"Why Did Car Tires Switch From Inner Tubes To A Tubeless Design?. Older car tires used to use inner tubes for their tires, but tubeless designs have reigned supreme in the modern era. Here's why the switch was made.",2025-12-02T21:25:00Z,Jalopnik,0,0,0,0,0,creative & design,Unknown,1,jalopnik
https://japantoday.com/category/features/opinions/tip-of-an-iceberg-hong-kong%27s-deadly-blaze-raises-anger-over-corruption-and-safety-lapses,"Tip of an iceberg: Hong Kong's deadly blaze raises anger over corruption and safety lapses. Uncomfortable questions are being raised over who is to blame for Hong Kong’s deadliest blaze in decades. As the territory mourns over the high-rise apartment fire that killed at least 156 people, anger and frustration are mounting over building safety lapses…",2025-12-02T21:24:56Z,Japan Today,0,0,0,0,0,technology & ai,Hong Kong,5,japan_today
https://www.bigblueview.com/new-york-giants-analysis/147378/joe-schoen-mistakes-record-results-hot-seat-brian-daboll-firing,"NY Giants GM Joe Schoen admits mistakes, still ‘very confident’. Giants GM Joe Schoen had A LOT to say to the media on Tuesday.",2025-12-02T21:24:42Z,Big Blue View,0,0,0,0,0,media & journalism,Unknown,1,big_blue_view
https://pypi.org/project/dkist-processing-test/1.36.4/,dkist-processing-test 1.36.4. Example instrument code used by the DKIST science data processing pipelines to test processing infrastructure,2025-12-02T21:24:10Z,Pypi.org,0,0,0,0,0,infrastructure & supply chain,Unknown,1,pypi.org
http://futurism.com/space/3i-atlas-erupting-ice-volcanos,"3I/ATLAS Appears to Be Erupting in Ice Volcanos. Why does it feel oddly familiar?
The post 3I/ATLAS Appears to Be Erupting in Ice Volcanos appeared first on Futurism.",2025-12-02T21:23:45Z,Futurism,0,0,0,0,0,technology & ai,Unknown,1,futurism
https://biztoc.com/x/d2f05b9970daf6d1,"Belief that the economy is bad is rising but remains below Joe Biden-era levels. A rising share of Americans say the U.S. economy is in a bad state, though the share who say so remains smaller than it was for much of the past four years.",2025-12-02T21:23:36Z,Biztoc.com,0,0,0,0,0,technology & ai,Unknown,1,biztoc.com
https://pypi.org/project/healthchain/0.12.0/,healthchain 0.12.0. Open source framework for productionizing healthcare AI,2025-12-02T21:23:33Z,Pypi.org,0,0,0,0,0,technology & ai,Unknown,1,pypi.org
https://biztoc.com/x/3d5c7353e40608a7,"Amazon announces new AI chips, closer Nvidia ties — but it's cloud capacity that matters most. Amazon Web Services' two-track approach to artificial intelligence came into better focus Tuesday.",2025-12-02T21:23:30Z,Biztoc.com,0,0,0,0,0,technology & ai,Unknown,1,biztoc.com
https://biztoc.com/x/3c20aee20167a065,"Anthropic's employees self-report using Claude in 60% of work and achieving a 50% productivity boost, often using it for debugging and code understanding, more.",2025-12-02T21:23:28Z,Biztoc.com,0,0,0,0,0,infrastructure & supply chain,Unknown,1,biztoc.com
https://biztoc.com/x/bd71a9adf31975e8,American Eagle Outfitters raises annual sales forecast.,2025-12-02T21:23:25Z,Biztoc.com,0,0,0,0,0,technology & ai,Unknown,1,biztoc.com
https://biztoc.com/x/da673b716aacf744,"US Awards $800 Million to TVA, Holtec to Spur Small Nuke Plants.",2025-12-02T21:23:24Z,Biztoc.com,0,0,0,0,0,war & foreign policy,Uk,4,biztoc.com
https://www.wnd.com/2025/12/betrayed-american-workers-expose-dark-underbelly-h-1b/,Betrayed American workers expose dark underbelly of H-1B visa scheme. Critic lashes out: 'What are they gonna do? They're already not hiring me',2025-12-02T21:23:24Z,Wnd.com,0,0,0,0,0,immigration,Unknown,1,wnd.com
https://www.rawstory.com/trump-fascism-2674361865/,"Trump's twisted onslaught won't be stopped by these enablers. The “F-word,” fascism, has recently seen increasing use in American public discourse — and for good reason. Some critics claim that the word, fascism, has been overused — and wrongly applied to the behavior and propaganda of President Donald Trump and his reg…",2025-12-02T21:23:01Z,Raw Story,0,0,0,0,0,technology & ai,Unknown,1,raw_story
https://www.globenewswire.com/news-release/2025/12/02/3198434/0/en/CZR-Exchange-Unveils-New-Brand-Identity-and-Dual-Platform-Strategy-for-Global-and-U-S-Markets.html,CZR Exchange Unveils New Brand Identity and Dual-Platform Strategy for Global and U.S. Markets. Next-generation redesign and two-platform ecosystem mark CZR’s largest expansion to date Next-generation redesign and two-platform ecosystem mark CZR’s largest expansion to date,2025-12-02T21:16:00Z,GlobeNewswire,0,0,0,0,0,economics,Unknown,1,globenewswire
https://thefly.com/permalinks/entry.php/id4248886/AEO-American-Eagle--reports-Q-EPS-c-consensus-c,"American Eagle reports Q3 EPS 53c, consensus 44c. See the rest of the story here.

thefly.com provides the latest financial news as it breaks. Known as a leader in market intelligence, The Fly's real-time, streaming news feed keeps individual investors, professional money managers, active traders, and corpor…",2025-12-02T21:15:22Z,Thefly.com,0,0,0,0,0,infrastructure & supply chain,Unknown,1,thefly.com
https://bringatrailer.com/listing/1983-bmw-320i-e21-2/,"1983 BMW 320i 5-Speed at No Reserve. This 1983 BMW was registered in Washington, Arizona, and Colorado before the seller's purchase in 2024. It is finished in Alpine White over Pacific Blue cloth and is powered by a 1.8-liter M10 inline-four paired with a five-speed manual transmission. Equipmen…",2025-12-02T21:15:14Z,Bringatrailer.com,0,0,0,0,0,technology & ai,Unknown,1,bringatrailer.com
https://www.techmeme.com/251202/p52,"Anthropic's employees self-report using Claude in 60% of work and achieving a 50% productivity boost, often using it for debugging and code understanding, more (Anthropic). Anthropic:
Anthropic's employees self-report using Claude in 60% of work and achieving a 50% productivity boost, often using it for debugging and code understanding, more  —  Key findings  —  How is AI changing the way we work?  Our previous research on AI's …",2025-12-02T21:15:02Z,Techmeme.com,0,0,0,0,0,technology & ai,Unknown,1,techmeme.com
https://thefly.com/permalinks/entry.php/id4248867/PSTG-Pure-Storage-reports-Q-GAAP-EPS-c-vs-c-last-year,"Pure Storage reports Q3 GAAP EPS 16c vs. 19c last year. See the rest of the story here.

thefly.com provides the latest financial news as it breaks. Known as a leader in market intelligence, The Fly's real-time, streaming news feed keeps individual investors, professional money managers, active traders, and corpor…",2025-12-02T21:09:05Z,Thefly.com,0,0,0,0,0,infrastructure & supply chain,Unknown,1,thefly.com
https://zycrypto.com/chainlink-gears-up-for-fresh-boost-as-uss-first-ever-spot-link-etf-debuts-on-nyse/,"Chainlink Gears Up For Fresh Boost As US’s First-Ever Spot LINK ETF Debuts On NYSE. The first U.S.-listed exchange-traded fund tracking the value of Chainlink’s native token, LINK, went live on the New York Stock Exchange on Tuesday.",2025-12-02T21:08:33Z,ZyCrypto,0,0,0,0,0,technology & ai,Unknown,1,zycrypto
https://www.lawyersgunsmoneyblog.com/2025/12/my-honor-is-called-loyalty,"My honor is called loyalty. Today’s cabinet meeting featured, no doubt among other things that I’ve missed: *Trump literally falling asleep on several occasions. He even appeared to nod off when he himself was talking, let alone when his shameless sycophants were droning on. (Imagine if…",2025-12-02T21:08:13Z,Lawyersgunsmoneyblog.com,0,0,0,0,0,technology & ai,Unknown,1,lawyersgunsmoneyblog.com
https://theintercept.com/2025/12/02/house-block-trump-venezuela-war/,"Bipartisan House Resolution Seeks to Block Trump War With Venezuela. The war powers legislation would prohibit Trump from launching “hostilities within or against Venezuela” without congressional approval.
The post Bipartisan House Resolution Seeks to Block Trump War With Venezuela appeared first on The Intercept.",2025-12-02T21:08:00Z,The Intercept,0,0,0,0,0,war & foreign policy,Venezuela,4,the_intercept
https://securityaffairs.com/185252/security/u-s-cisa-adds-android-framework-flaws-to-its-known-exploited-vulnerabilities-catalog.html,U.S. CISA adds Android Framework flaws to its Known Exploited Vulnerabilities catalog. U.S. Cybersecurity and Infrastructure Security Agency (CISA) adds Android Framework flaws to its Known Exploited Vulnerabilities catalog. The U.S. Cybersecurity and Infrastructure Security Agency (CISA) added Android Framework flaws to its Known Exploited Vul…,2025-12-02T21:07:45Z,Securityaffairs.com,0,0,0,0,0,cybersecurity & tech threats,Unknown,1,securityaffairs.com
https://www.mediaite.com/media/news/elon-musks-grok-says-it-would-kill-every-jewish-person-on-the-planet-to-save-him/,"Elon Musk’s Grok Says It Would Kill Every Jewish Person on the Planet to Save Him. Elon Musk's AI chatbot Grok claimed it would ""vaporize"" every Jewish person on the planet to save the brain of its creator.
The post Elon Musk’s Grok Says It Would Kill Every Jewish Person on the Planet to Save Him first appeared on Mediaite.",2025-12-02T21:07:23Z,Mediaite,0,0,0,0,0,technology & ai,Unknown,1,mediaite
https://ohnotheydidnt.livejournal.com/131567878.html,"New Books Hitting Shelves This Week. The Library of FatesThe Library of Fates was designed to show you who you are—and who you could become. Its rarest book, The Book of Dark Nights, holds a secret: when you write an intimate confession on its pages, you'll receive a prediction for your future, …",2025-12-02T21:07:16Z,Livejournal.com,0,0,0,0,0,creative & design,Unknown,1,livejournal.com
https://siliconangle.com/2025/12/02/openai-ceo-sam-altman-reportedly-declares-code-red-rivals-launch-new-llms/,OpenAI CEO Sam Altman reportedly declares ‘code red’ after rivals launch new LLMs. OpenAI Group PBC Chief Executive Officer Sam Altman reportedly declared “code red” in a memo sent to the company’s employees on Monday. The Wall Street Journal and The Information reported the internal announcement today. The publications’ sources also provid…,2025-12-02T21:07:10Z,SiliconANGLE News,0,0,0,0,0,technology & ai,Unknown,1,siliconangle_news
https://bleedingcool.com/tv/wwe-raw-review-the-last-time-is-soon/,"WWE Raw Review: The Last Time is Soon. Greetings, comrades! It is I, your El Presidente, reporting to you live from my presidential yacht where I am currently negotiating a trade deal that may or may not involve smuggling championship belts across international waters. But enough about my business…",2025-12-02T21:07:03Z,Bleeding Cool News,0,0,0,0,0,infrastructure & supply chain,Unknown,1,bleeding_cool_news
https://www.westernjournal.com/dell-ceo-announces-massive-donation-fund-trump-accounts-25-million-american-children/,"Dell CEO Announces Massive Donation to Fund Trump Accounts for 25 Million American Children. Michael Dell announced on Tuesday that he will be contributing $6.25 billion to the new ""Trump Accounts"" of 25 million children.",2025-12-02T21:06:59Z,Westernjournal.com,0,0,0,0,0,business & corporate,Unknown,1,westernjournal.com
https://thefly.com/permalinks/entry.php/id4248860/BOX-Box-reports-Q-EPS-c-consensus-c,"Box reports Q3 EPS 31c, consensus 31c. See the rest of the story here.

thefly.com provides the latest financial news as it breaks. Known as a leader in market intelligence, The Fly's real-time, streaming news feed keeps individual investors, professional money managers, active traders, and corpor…",2025-12-02T21:06:56Z,Thefly.com,0,0,0,0,0,infrastructure & supply chain,Unknown,1,thefly.com
https://punchng.com/?p=2000063,"Abure’s LP faction proceeds with nationwide congresses. The Julius Abure-led Labour Party faction proceeds with its nationwide ward congresses, citing impressive turnout despite a court injunction from another f

Read More: https://punchng.com/abures-lp-faction-proceeds-with-nationwide-congresses/",2025-12-02T21:06:47Z,The Punch,0,0,0,0,0,war & foreign policy,Unknown,4,the_punch
https://thefly.com/permalinks/entry.php/id4248858/MRVL-Marvell-reports-Q-adjusted-EPS-c-consensus-c,"Marvell reports Q3 adjusted EPS 76c, consensus 74c. See the rest of the story here.

thefly.com provides the latest financial news as it breaks. Known as a leader in market intelligence, The Fly's real-time, streaming news feed keeps individual investors, professional money managers, active traders, and corpor…",2025-12-02T21:06:20Z,Thefly.com,0,0,0,0,0,infrastructure & supply chain,Unknown,1,thefly.com
https://www.rigzone.com/news/wire/crude_settles_lower_on_peace_talk_jitters-02-dec-2025-182436-article/,Crude Settles Lower on Peace Talk Jitters. Oil futures closed down with thin liquidity amplifying selling pressure amid expectations of a looming oversupply.,2025-12-02T21:06:10Z,Rigzone,0,0,0,0,0,energy & resources,Unknown,1,rigzone
https://www.eonline.com/news/1425748/hayley-williams-details-mental-health-struggles,"Hayley Williams ""Wanted to Not Be Here"" Amid Mental Health Struggles. Hayley Williams is getting real about her mental health. 
The Paramore singer recently discussed the low mental health state she entered after the band’s founding members Josh Farro and Zac Farro...",2025-12-02T21:06:00Z,Eonline.com,0,0,0,0,0,healthcare & wellbeing,Unknown,1,eonline.com
https://www.thestar.com.my/news/world/2025/12/03/israeli-army-imposes-curfew-on-west-bank-town-demolishes-palestinian-prisoners039-homes-sources,"Israeli army imposes curfew on West Bank town, demolishes Palestinian prisoners' homes: sources. RAMALLAH, Dec. 2 (Xinhua) -- The Israeli army on Tuesday imposed a curfew on the town of Qabatiya, south of Jenin, and demolished the homes of two Palestinian prisoners during military operations in the northern West Bank, Palestinian sources said. Read full …",2025-12-02T21:06:00Z,The Star Online,0,0,0,0,0,war & foreign policy,Israel,1,the_star_online
https://www.futurity.org/new-covid-vaccine-formula-3309092/,New COVID vax formula produces antibodies nearly 3X longer. New research points the way toward even more effective vaccine formulations against future strains of the virus that causes COVID-19.,2025-12-02T21:05:31Z,Futurity: Research News,0,0,0,0,0,war & foreign policy,Unknown,4,futurity:_research_news
https://www.androidheadlines.com/2025/12/circle-to-search-real-time-text-messages-analyzes-scam-detector.html,"Circle to Search Now Functions as a Real-Time Text Scam Detector. Google transforms Circle to Search into a text scam detector, scanning suspicious messages to get instant AI analysis and actionable guidance.",2025-12-02T21:05:17Z,Android Headlines,0,0,0,0,0,technology & ai,Unknown,1,android_headlines
https://bringatrailer.com/listing/1966-chevrolet-corvette-coupe-95/,"Original-Owner 1966 Chevrolet Corvette Coupe L36 427/390 4-Speed. This 1966 Chevrolet Corvette was ordered by the current owner from Selman Chevrolet of Orange, California, on March 12, 1966, and he took delivery of the 427ci L36-powered coupe on 4-27-66. The car is finished in Nassau Blue over Bright Blue leather upholster…",2025-12-02T21:05:10Z,Bringatrailer.com,0,0,0,0,0,social unrest & protests,Unknown,1,bringatrailer.com
https://www.on3.com/rivals/news/touted-midwest-ot-jonas-muya-has-committed-to-west-virginia/,"Touted Midwest OT Jonas Muya has committed to West Virginia. Fort Wayne (Ind.) Bishop Luers offensive tackle Jonas Muya announced his commitment to West Virginia on Tuesday. The 6-foot-7, 280-pound Muya chose to play for Rich Rodriguez and the Mountaineers over Oklahoma, Tennessee, Minnesota and Purdue among others. “T…",2025-12-02T21:05:04Z,On3.com,0,0,0,0,0,technology & ai,Unknown,1,on3.com
https://www.globenewswire.com/news-release/2025/12/02/3198426/0/en/Red-Cat-Announces-Key-Leadership-Transitions.html,Red Cat Announces Key Leadership Transitions. Red Cat’s Current CFO Christian Ericson Promoted to COO; Christian Morrison Joins as CFO Red Cat’s Current CFO Christian Ericson Promoted to COO; Christian Morrison Joins as CFO,2025-12-02T21:05:00Z,GlobeNewswire,0,0,0,0,0,gender & sexuality,Unknown,1,globenewswire
https://pypi.org/project/synth-ai/0.3.1/,synth-ai 0.3.1. Serverless Posttraining for Agents - Core AI functionality and tracing,2025-12-02T21:09:40Z,Pypi.org,0,0,0,0,0,technology & ai,Unknown,1,pypi.org
https://thefly.com/permalinks/entry.php/id4248870/ASAN-Asana-reports-Q-adjusted-EPS-c-consensus-c,"Asana reports Q3 adjusted EPS 7c, consensus 6c. See the rest of the story here.

thefly.com provides the latest financial news as it breaks. Known as a leader in market intelligence, The Fly's real-time, streaming news feed keeps individual investors, professional money managers, active traders, and corpor…",2025-12-02T21:09:50Z,Thefly.com,0,0,0,0,0,infrastructure & supply chain,Unknown,1,thefly.com
https://www.memeorandum.com/251202/p113,"USDA secretary threatens to cut funding to blue states over alleged SNAP data noncompliance (Kevin Breuninger/CNBC). Kevin Breuninger / CNBC:
USDA secretary threatens to cut funding to blue states over alleged SNAP data noncompliance … U.S. Agriculture Secretary Brooke Rollins on Tuesday threatened to cut off federal funding to Democratic-leaning states over what she allege…",2025-12-02T21:10:00Z,Memeorandum.com,0,0,0,0,0,food security & agriculture,Unknown,3,memeorandum.com
https://nypost.com/2025/12/02/ticket-sales/phish-las-vegas-sphere-residency-2026-where-to-buy-tickets/,Phish announces 2026 Las Vegas Sphere residency. Get tickets today. The legendary jam band will rock Sin City nine times in April and May.,2025-12-02T21:12:27Z,New York Post,0,0,0,0,0,energy & resources,Unknown,1,new_york_post
https://www.globenewswire.com/news-release/2025/12/02/3198431/0/en/Tailwind-2-0-Acquisition-Corp-Announces-the-Separate-Trading-of-Its-Class-A-Ordinary-Shares-and-Rights-Commencing-on-December-8-2025.html,"Tailwind 2.0 Acquisition Corp. Announces the Separate Trading of Its Class A Ordinary Shares and Rights, Commencing on December 8, 2025. Greenwich, CT, Dec. 02, 2025 (GLOBE NEWSWIRE) -- Tailwind 2.0 Acquisition Corp. (Nasdaq: TDWDU) (the “Company
”) today announced that, commencing on December 8, 2025, holders of the units (the “Units
”) sold in the Company’s initial public offering may elec…",2025-12-02T21:15:00Z,GlobeNewswire,0,0,0,0,0,technology & ai,Unknown,1,globenewswire
https://www.globenewswire.com/news-release/2025/12/02/3198432/35697/en/Uniti-Group-Inc-to-Participate-at-the-Raymond-James-2025-TMT-and-Consumer-Conference.html,"Uniti Group Inc. to Participate at the Raymond James 2025 TMT and Consumer Conference. LITTLE ROCK, Ark., Dec. 02, 2025 (GLOBE NEWSWIRE) -- Uniti Group Inc. (“Uniti”) (Nasdaq: UNIT) announced today that its President of Kinetic, John Harrobin, and Senior Vice President, Investor Relations & Treasury, Bill DiTullio, are scheduled to participate …",2025-12-02T21:15:00Z,GlobeNewswire,0,0,0,0,0,politics,Unknown,1,globenewswire
https://www.wnd.com/2025/12/deputy-fbi-director-dan-bongino-torches-deep-state/,Deputy FBI Director Dan Bongino torches ‘Deep-State Devine’ after New York Post runs hit piece. 'Miranda loves attacking our reform agenda with gossipy anecdotes from disgruntled former employees because she's upset that her 'reporting' keeps falling apart under scrutiny',2025-12-02T21:14:58Z,Wnd.com,0,0,0,0,0,war & foreign policy,Iran,4,wnd.com
https://economictimes.indiatimes.com/news/international/us/trump-accounts-for-kids-1000-government-deposit-250-bonus-for-millions-who-qualifies-how-and-when-to-apply-and-how-funds-could-grow-to-1-9-million/articleshow/125728253.cms,"Trump Accounts for kids: $1,000 government deposit, $250 bonus for millions, who qualifies, how and when to apply, and how funds could grow to $1.9 million. Trump Accounts: A new federal savings program, Trump Accounts, is set to launch. It will provide a $1,000 government contribution to eligible children born between 2025 and 2028. Families can add more funds, with potential for significant growth. An additiona…",2025-12-02T21:14:55Z,The Times of India,0,0,0,0,0,technology & ai,Unknown,1,the_times_of_india
https://blog.ecosia.org/ecosia-ai/,Ecosia: The greenest AI is here. We’re building the world’s greenest AI. Find out how we’re harnessing new technology while continuing our mission of putting people and the planet first.,2025-12-02T21:14:38Z,Ecosia.org,0,0,0,0,0,technology & ai,Unknown,1,ecosia.org
https://nationalpost.com/news/canada/watchdog-says-ottawa-should-seek-mps-approval-to-change-fiscal-targets,Watchdog says Ottawa should seek MPs' approval to change fiscal targets. Canada’s fiscal watchdog suggested that Ottawa should need House of Commons approval to change or eliminate long-held fiscal targets.,2025-12-02T21:13:46Z,National Post,0,0,0,0,0,technology & ai,Canada,1,national_post
https://slashdot.org/firehose.pl?op=view&amp;id=180269121,Luna pushes to force a vote banning congressional stock trading - Politico. Luna pushes to force a vote banning congressional stock tradingPolitico GOP Rep. Anna Paulina Luna moves to force vote on banning stock trading by members of CongressCBS News 90 Former Lawmakers Urge US House to Ban Members of Congress From Trading StocksTrut…,2025-12-02T21:13:43Z,Slashdot.org,0,0,0,0,0,politics,Unknown,1,slashdot.org
https://www.notebookcheck.net/Leak-unveils-Motorola-Edge-70-Ultra-with-new-design-in-two-color-variants.1175536.0.html,"Leak unveils Motorola Edge 70 Ultra with new design in two color variants. The Motorola Edge 70 Ultra has appeared in leaked images for the first time. With a massive square camera bump and a back panel with a fabric texture in two different color choices, the Edge 70 Ultra adds a fresh look to Motorola’s smartphone lineup.",2025-12-02T21:13:00Z,Notebookcheck.net,0,0,0,0,0,technology & ai,Unknown,1,notebookcheck.net
https://thefly.com/permalinks/entry.php/id4248879/CRWD-CrowdStrike-reports-Q-adjusted-EPS-c-consensus-c,"CrowdStrike reports Q3 adjusted EPS 96c, consensus 94c. See the rest of the story here.

thefly.com provides the latest financial news as it breaks. Known as a leader in market intelligence, The Fly's real-time, streaming news feed keeps individual investors, professional money managers, active traders, and corpor…",2025-12-02T21:12:30Z,Thefly.com,0,0,0,0,0,social unrest & protests,Unknown,3,thefly.com
https://www.digitaljournal.com/world/defense-challenge-evidence-in-killing-of-us-health-insurance-ceo/article,Defense challenge evidence in killing of US health insurance CEO. The defense for the 27-year-old suspect accused of killing a top health insurance executive in New York sought to exclude evidence presented by the prosecution as he appeared in court for a second day Tuesday. Luigi Mangione is charged with the second-degree …,2025-12-02T21:12:20Z,Digital Journal,0,0,0,0,0,technology & ai,Unknown,1,digital_journal
https://www.globenewswire.com/news-release/2025/12/02/3198430/0/en/Microchip-Technology-Raises-Financial-Guidance-for-Sales-and-EPS-for-Third-Quarter-of-Fiscal-Year-2026.html,"Microchip Technology Raises Financial Guidance for Sales and EPS for Third Quarter of Fiscal Year 2026. CHANDLER, Ariz., Dec. 02, 2025 (GLOBE NEWSWIRE) -- (NASDAQ: MCHP) - Microchip Technology Incorporated, a leading provider of smart, connected, and secure embedded control solutions, today updated the range of its prior guidance for net sales and GAAP and non-…",2025-12-02T21:10:00Z,GlobeNewswire,0,0,0,0,0,technology & ai,Unknown,1,globenewswire
https://biztoc.com/x/d61e3b74f2bd87cf,Larry Summers Barred for Life from American Economic Association.,2025-12-02T21:12:16Z,Biztoc.com,0,0,0,0,0,economics,Unknown,1,biztoc.com
https://biztoc.com/x/af50d17a12054e06,Former Honduras President Juan Orlando Hernández freed after Trump pardon.,2025-12-02T21:12:07Z,Biztoc.com,0,0,0,0,0,politics,Honduras,1,biztoc.com
https://biztoc.com/x/d3a6942add9f4c11,"Trump approval slump persists, economic worries grow, Trump's Ukraine plan, and illegal orders: November 28-December 1, 2025 Economist/YouGov Poll. This week’s Economist/YouGov poll covers Trump's streak of negative job approval numbers, rising belief that the economy is bad, Trump's Ukraine peace plan, and the dispute about illegal orders",2025-12-02T21:12:05Z,Biztoc.com,0,0,0,0,0,war & foreign policy,Ukraine,2,biztoc.com
https://biztoc.com/x/1888b6e090677cf3,Apple iPhone 17 drives record 2025 sales amid looming 2026 market decline.,2025-12-02T21:11:58Z,Biztoc.com,0,0,0,0,0,technology & ai,Unknown,1,biztoc.com
https://biztoc.com/x/5498d6736d7ba6ef,Okta projects strong quarterly revenue on rising demand for cybersecurity tools.,2025-12-02T21:11:55Z,Biztoc.com,0,0,0,0,0,cybersecurity & tech threats,Unknown,1,biztoc.com
https://thefly.com/permalinks/entry.php/id4248877/GTLB-GitLab-reports-Q-EPS-c-consensus-c,"GitLab reports Q3 EPS 26c, consensus 20c. See the rest of the story here.

thefly.com provides the latest financial news as it breaks. Known as a leader in market intelligence, The Fly's real-time, streaming news feed keeps individual investors, professional money managers, active traders, and corpor…",2025-12-02T21:11:35Z,Thefly.com,0,0,0,0,0,infrastructure & supply chain,Unknown,1,thefly.com
https://thefly.com/permalinks/entry.php/id4248878/PSTG-Pure-Storage-reports-Q-NonGAAP-EPS-c-consensus-c,"Pure Storage reports Q3 Non-GAAP EPS 58c, consensus 58c. See the rest of the story here.

thefly.com provides the latest financial news as it breaks. Known as a leader in market intelligence, The Fly's real-time, streaming news feed keeps individual investors, professional money managers, active traders, and corpor…",2025-12-02T21:11:35Z,Thefly.com,0,0,0,0,0,infrastructure & supply chain,Unknown,1,thefly.com
http://wwd.com/business-news/business-features/columbia-ceo-expedition-impossible-campaign-1238368516/,"Columbia’s CEO Talks About Viral Quarter-zips and ‘Expedition Impossible’ Campaign. A new ad campaign offers ""everything owned by the company"" in an unexpected selfie challenge.",2025-12-02T21:10:47Z,WWD,0,0,0,0,0,technology & ai,Unknown,1,wwd
https://bringatrailer.com/listing/1964-pontiac-gto-105/,"1964 Pontiac GTO Hardtop Coupe 4-Speed at No Reserve. This 1964 Pontiac GTO hardtop coupe is powered by a replacement 421ci V8 linked with a four-speed manual transmission, and it was acquired by the seller in 2007. The body is finished in red, and equipment includes an Edelbrock carburetor and intake manifold, …",2025-12-02T21:10:13Z,Bringatrailer.com,0,0,0,0,0,gender & sexuality,Unknown,1,bringatrailer.com
https://japantoday.com/category/world/us-envoy-witkoff-will-meet-putin-in-moscow-while-zelenskyy-tours-europe-as-peace-efforts-press-ahead,"Putin accuses Europeans of sabotaging peace efforts on Ukraine; meets U.S. delegation. Russian President Vladimir Putin accused Kyiv’s European allies Tuesday of sabotaging U.S.-led efforts to end the nearly 4-year-old war in Ukraine, shortly before he met with a delegation sent by President Donald Trump. “They don’t have a peace agenda, they’r…",2025-12-02T21:28:33Z,Japan Today,0,0,0,0,0,war & foreign policy,Russia,4,japan_today
https://japantoday.com/category/world/federal-authorities-plan-operation-in-minnesota-focusing-on-somali-immigrants-ap-source-says,"Federal authorities plan operation in Minnesota focusing on Somali immigrants, source says. Federal authorities are preparing a targeted immigration enforcement operation in Minnesota that would primarily focus on Somali immigrants living unlawfully in the U.S., a move that comes as President Donald Trump has escalated rhetoric about the state’s Som…",2025-12-02T21:28:45Z,Japan Today,0,0,0,0,0,immigration,Unknown,1,japan_today
https://japantoday.com/category/world/hamas-hands-over-one-of-two-last-hostage-bodies-in-gaza-red-cross-says,"Hamas hands over one of two last hostage bodies in Gaza, Red Cross says. Palestinian militant group Hamas on Tuesday handed over the remains of one of the last two deceased hostages still in Gaza, the International Committee of the Red Cross said, under terms of the October ceasefire deal. Israeli Prime Minister Benjamin Netanyahu…",2025-12-02T21:28:52Z,Japan Today,0,0,0,0,0,war & foreign policy,Israel,1,japan_today
https://www.tmz.com/2025/12/02/accused-guard-shooter-pleads-not-guilty/,"National Guard Shooting Suspect Pleads Not Guilty to Murder, Assault Charges. The man the prosecutors say shot two National Guard members last week in Washington D.C., killing one of them, is pleading not guilty to the charges against him ... doing so from his hospital bed. Federal prosecutors charged Rahmanullah Lakanwal…",2025-12-02T21:38:31Z,TMZ,0,0,0,0,0,technology & ai,Unknown,1,tmz
https://www.psychologytoday.com/us/blog/the-future-of-intimacy/202511/are-we-seriously-talking-about-conscious-ai,"Are We Seriously Talking About Conscious AI?. We built AI to think like us, but what happens when we feel intimately connected to it?",2025-12-02T21:44:16Z,Psychology Today,0,0,0,0,0,technology & ai,Unknown,1,psychology_today
https://www.androidheadlines.com/2025/12/google-co-founder-sergey-brin-donates-1-1-billion-alphabets-ai-stock-surge.html,"Google Co-Founder Donates Over $1.1 Billion After Alphabet’s AI Stock Surge. Sergey Brin’s $1.1 billion donation in Alphabet stock, fueled by the AI rally, targets global challenges like disease and climate change.",2025-12-02T21:44:10Z,Android Headlines,0,0,0,0,0,climate & environment,Unknown,1,android_headlines
https://www.digitaljournal.com/tech-science/qa-real-time-digital-healthcare-for-2026/article,"Q&A: Real-time digital healthcare for 2026. Our platform delivers continuous monitoring of key biochemical markers such as glucose, lactate, and tissue oxygenation.
The post Q&A: Real-time digital healthcare for 2026 appeared first on Digital Journal.",2025-12-02T21:44:03Z,Digital Journal,0,0,0,0,0,technology & ai,Unknown,2,digital_journal
https://www.globenewswire.com/news-release/2025/12/02/3198452/32716/en/JHX-LAWSUIT-DEADLINE-Hagens-Berman-Urges-James-Hardie-Investors-to-Act-by-Dec-23-in-Suit-Over-34-Plunge-Due-to-Inventory-Destocking.html,JHX LAWSUIT DEADLINE: Hagens Berman Urges James Hardie Investors to Act by Dec. 23 in Suit Over 34% Plunge Due to Inventory Destocking. Firm Investigating Alleged Undisclosed Sales Practices and CFO Departure After North America Fiber Cement Sales Collapse Firm Investigating Alleged Undisclosed Sales Practices and CFO Departure After North America Fiber Cement Sales Collapse,2025-12-02T21:44:00Z,GlobeNewswire,0,0,0,0,0,politics,United States,5,globenewswire
https://www.techpowerup.com/343597/marvell-to-acquire-celestial-ai-for-usd-3-25-billion,"(PR) Marvell to Acquire Celestial AI for $3.25 Billion. Marvell Technology, Inc. (NASDAQ: MRVL), a leader in data infrastructure semiconductor solutions, today announced it has entered into a definitive agreement to acquire Celestial AI, a pioneer of a disruptive Photonic Fabric technology platform purpose-built f…",2025-12-02T21:43:27Z,Techpowerup.com,0,0,0,0,0,technology & ai,Unknown,1,techpowerup.com
https://www.acmepackingcompany.com/green-bay-packers-news/75777/packers-make-cornerback-swap-clear-roster-spot-on-practice-squad,"Packers make cornerback swap, clear roster spot on practice squad. The Green Bay Packers added CB Shemar Bartholomew, who was brought in for visit last month, to the practice squad.",2025-12-02T21:43:09Z,Acme Packing Company,0,0,0,0,0,food security & agriculture,Unknown,1,acme_packing_company
https://www.globenewswire.com/news-release/2025/12/02/3198451/0/en/Quantum-Dynamics-Enterprises-Inc-Engages-Forge-Global-to-Facilitate-2-5-Million-Raise-for-CID-Propulsion-System.html,"Quantum Dynamics Enterprises, Inc. Engages Forge Global to Facilitate $2.5 Million Raise for CID™ Propulsion System. Funding to support orbital demonstration of the world’s first mechanically driven, propellant-less satellite propulsion technology Funding to support orbital demonstration of the world’s first mechanically driven, propellant-less satellite propulsion technolo…",2025-12-02T21:43:00Z,GlobeNewswire,0,0,0,0,0,technology & ai,Unknown,1,globenewswire
https://pypi.org/project/blaxel/0.2.27/,blaxel 0.2.27. Blaxel - AI development platform SDK,2025-12-02T21:42:59Z,Pypi.org,0,0,0,0,0,technology & ai,Unknown,1,pypi.org
https://www.digitaljournal.com/world/trump-hints-economic-adviser-hassett-may-be-fed-chair-pick/article,"Trump hints economic adviser Hassett may be Fed chair pick. US President Donald Trump on Tuesday hinted that he wants to nominate his chief economic adviser Kevin Hassett to replace outgoing Federal Reserve Chairman Jerome Powell next year. Introducing guests at a White House event attended by Hassett, Trump said: “It…",2025-12-02T21:42:32Z,Digital Journal,0,0,0,0,0,technology & ai,Unknown,1,digital_journal
https://www.zdnet.com/article/amazon-wants-to-demolish-your-tech-debt-like-it-did-this-aws-server-heres-the-plan/,"Amazon wants to demolish your tech debt like it did this AWS server - here's the plan. Amazon just dropped a server off a crane to showcase its upgraded AWS Transform service, revealing how agentic AI could rewrite millions of legacy lines faster than developers ever imagined.",2025-12-02T21:42:14Z,ZDNet,0,0,0,0,0,technology & ai,Unknown,1,zdnet
https://richmondmagazine.com/arts-entertainment/galleries/claude-monet-immersive-experience/,Immersive Impressionism. Claude Monet’s art gets an attention-grabbing presentation in RVA.,2025-12-02T21:41:00Z,Richmondmagazine.com,0,0,0,0,0,media & journalism,Unknown,1,richmondmagazine.com
https://nypost.com/2025/12/02/opinion/trumps-ultimatum-for-maduro-letters/,"Trump’s ultimatum for Maduro: Letters to the Editor — Dec. 3, 2025. NY Post readers discuss President Trump telling Venezuela’s Nicolás Maduro to resign or face military action.",2025-12-02T21:40:55Z,New York Post,0,0,0,0,0,war & foreign policy,Venezuela,1,new_york_post
https://pypi.org/project/mini-swe-agent/1.17.1/,mini-swe-agent 1.17.1. Nano SWE Agent - A simple AI software engineering agent,2025-12-02T21:40:52Z,Pypi.org,0,0,0,0,0,war & foreign policy,Unknown,4,pypi.org
https://www.barcablaugranes.com/barcelona-la-liga/107157/dani-olmo-forced-off-with-shoulder-injury-for-barcelona-against-atletico,Dani Olmo forced off with shoulder injury for Barcelona against Atletico. Another problem for Hansi Flick to cope with.,2025-12-02T21:40:49Z,Barca Blaugranes,0,0,0,0,0,technology & ai,Unknown,2,barca_blaugranes
https://www.the-independent.com/arts-entertainment/tv/news/netflix-ratings-stranger-things-record-b2876768.html,Netflix show lands record-breaking debut. Creators said the massive viewership is ‘more than we could have ever dreamed’,2025-12-02T21:40:27Z,The-independent.com,0,0,0,0,0,technology & ai,Unknown,1,the-independent.com
https://kotaku.com/amazon-ai-generated-english-dub-banana-fish-reaction-2000649707,"After Days Of Ridicule, Amazon Takes Down Its Awful AI-Generated Anime Dub. Banana Fish’s English dub was provided by a machine and fans were not having it
The post After Days Of Ridicule, Amazon Takes Down Its Awful AI-Generated Anime Dub appeared first on Kotaku.",2025-12-02T21:40:14Z,Kotaku,0,0,0,0,0,technology & ai,Unknown,1,kotaku
https://9to5mac.com/2025/12/02/ios-26-gives-apples-calendar-app-a-convenient-new-advantage/,"iOS 26 gives Apple’s Calendar app a convenient new advantage. iOS 26 is a huge update for iPhone, with a Liquid Glass design and lots of new features for built-in apps like Wallet, Messages, and Music. One popular app—Apple Calendar—mostly got overlooked this year, but it did gain one key new advantage: event creation v…",2025-12-02T21:40:05Z,9to5Mac,0,0,0,0,0,technology & ai,Unknown,1,9to5mac
https://www.globenewswire.com/news-release/2025/12/02/3198449/0/en/New-Data-Presented-at-the-Clinical-Trials-on-Alzheimer-s-Disease-CTAD-Conference-2025-Confirms-Pharmacological-Effect-of-LEQEMBI-lecanemab-irmb-on-Neurotoxic-A%CE%B2-Protofibrils-in-CSF.html,"New Data Presented at the Clinical Trials on Alzheimer’s Disease (CTAD) Conference 2025 Confirms Pharmacological Effect of LEQEMBI® (lecanemab-irmb) on Neurotoxic Aβ Protofibrils in CSF. TOKYO and CAMBRIDGE, Mass., Dec. 02, 2025 (GLOBE NEWSWIRE) -- Eisai Co., Ltd. (Headquarters: Tokyo, CEO: Haruo Naito, “Eisai”) and Biogen Inc. (Nasdaq: BIIB, Corporate headquarters: Cambridge, Massachusetts, CEO: Christopher A. Viehbacher, “Biogen”) announced…",2025-12-02T21:40:00Z,GlobeNewswire,0,0,0,0,0,technology & ai,Unknown,1,globenewswire
https://www.bostonherald.com/2025/12/02/holiday-shopping-outlook/,"A look at the Thanksgiving shopping weekend and what’s next. Shoppers were very focused and selective, some malls reported.",2025-12-02T21:39:56Z,Boston Herald,0,0,0,0,0,infrastructure & supply chain,Unknown,1,boston_herald
https://www.androidheadlines.com/2025/12/leaked-images-reveal-the-design-of-nubia-foldables-again.html,"Leaked Images Reveal The Design of Nubia Foldables Again. More images of Nubia's upcoming foldables have leaked, revealing the design. Nubia Fold is said to be the company's first book-style foldable.",2025-12-02T21:38:55Z,Android Headlines,0,0,0,0,0,technology & ai,Unknown,1,android_headlines
https://www.princeton.edu/events/2025/princeton-students-quantum-weekly-workshop-12,Princeton Students in Quantum Weekly Workshop. Princeton Students in Quantum Weekly Workshop,2025-12-02T21:38:48Z,Princeton University,0,0,0,0,0,education,Unknown,1,princeton_university
https://comicbookmovie.com/dc-studios/paramount-skydances-bid-for-wbd-said-to-be-backed-by-middle-eastern-funds-following-initial-denial-a225284,"Paramount Skydance’s Bid For WBD Said To Be Backed By Middle Eastern Funds, Following Initial Denial. It’s being reported that Paramount Skydance’s bid to purchase Warner Bros. Discovery involves the backing of Middle East funds, following Paramount’s previous denial of it during the first round of offers.",2025-12-02T21:45:00Z,CBM (Comic Book Movie),0,0,0,0,0,war & foreign policy,Unknown,4,cbm_(comic_book_movie)
https://pypi.org/project/arcade-serve/3.1.4/,arcade-serve 3.1.4. Arcade Serve - Serving infrastructure for Arcade tools and workers,2025-12-02T21:45:37Z,Pypi.org,0,0,0,0,0,infrastructure & supply chain,Unknown,1,pypi.org
https://www.notebookcheck.net/Google-releases-biggest-Android-16-software-update-yet-for-Pixel-10-Pro-and-other-smartphones.1175539.0.html,"Google releases biggest Android 16 software update yet for Pixel 10 Pro and other smartphones. Google will release major operating system updates twice a year going forward, and the latest Android 16 update marks the debut of this new release schedule. Users of compatible Google Pixel smartphones are the first to get access to many new features.",2025-12-02T21:46:00Z,Notebookcheck.net,0,0,0,0,0,war & foreign policy,Unknown,4,notebookcheck.net
https://www.theverge.com/column/836932/david-sacks-new-york-times-white-house,"Silicon Valley is rallying behind a guy who sucks. Hello and welcome to Regulator, a newsletter for Verge subscribers that covers the political intrigue and power struggles between Big Tech and Big Government. Subscribe here for a weekly dispatch of tech oligarchs fighting regular oligarchs. Prior to last wee…",2025-12-02T21:47:52Z,The Verge,0,0,0,0,0,technology & ai,Unknown,1,the_verge
https://pypi.org/project/merlya/0.3.3/,merlya 0.3.3. AI-powered infrastructure orchestration CLI - Vibe Infra for DevOps,2025-12-02T21:50:45Z,Pypi.org,0,0,0,0,0,technology & ai,Unknown,1,pypi.org
https://freerepublic.com/focus/f-bloggers/4355675/posts,RIP Arduino & Open Hardware.. thanks to Qualcomm [14:14]. Qualcomm's acquisition of Arduino and the company's new Terms of Service sparks major concerns in the open source community over privacy and terms of service. What will happen to the Arduino open hardware and how does this effect Linux users? We'll do a dive …,2025-12-02T21:50:27Z,Freerepublic.com,0,0,0,0,0,war & foreign policy,Unknown,4,freerepublic.com
https://bringatrailer.com/listing/2003-mercedes-benz-unimog-u500-5/,"2003 Mercedes-Benz Unimog U500 at No Reserve. This 2003 Mercedes-Benz Unimog was converted to a crew cab in 2015 under previous ownership before the current owner's purchase on BaT in June 2019. Finished in Mercedes Designo Platinum Metallic matte, the truck is powered by a 6.4-liter turbodiesel inline-s…",2025-12-02T21:50:15Z,Bringatrailer.com,0,0,0,0,0,creative & design,Unknown,1,bringatrailer.com
https://siliconangle.com/2025/12/02/agentic-infrastructure-thecube-keynote-analysis-awsreinvent/,"Agentic infrastructure takes center stage in AWS’ evolving cloud strategy: theCUBE keynote analysis from re:Invent. Agentic infrastructure is quickly becoming the backbone of how enterprises scale artificial intelligence-driven systems, reshaping expectations for automation, governance and real-world performance. The industry is shifting toward architectures that unify chi…",2025-12-02T21:50:10Z,SiliconANGLE News,0,0,0,0,0,war & foreign policy,Unknown,4,siliconangle_news
https://nypost.com/2025/12/02/us-news/mexican-migrant-who-killed-11-year-old-in-la-hit-and-run-was-kicked-out-of-us-four-times-dhs-officials/,Mexican migrant who killed 11-year-old in LA hit-and-run was previously kicked out of US four times: DHS officials. Hector Balderas-Aheelor was arrested by local cops after running over Aiden Antonio Torres De Paz at the intersection of a busy thoroughfare while the boy was chasing a soccer ball.,2025-12-02T21:50:00Z,New York Post,0,0,0,0,0,technology & ai,Unknown,4,new_york_post
https://www.cbsnews.com/news/us-requested-resumption-migrants-flights-venezuela/,Venezuela says U.S. requested resumption of migrants flights. The government of Venezuelan President Nicolás Maduro on Tuesday announced that the twice-weekly flights will go on following a request from the Trump administration.,2025-12-02T21:49:17Z,CBS News,0,0,0,0,0,immigration,Venezuela,1,cbs_news
https://www.globenewswire.com/news-release/2025/12/02/3198455/0/en/Berman-Tabacco-Announces-Investigation-of-Live-Nation-Entertainment-Inc-NYSE-LYV.html,"Berman Tabacco Announces Investigation of Live Nation Entertainment, Inc. (NYSE:LYV). BOSTON, Dec. 02, 2025 (GLOBE NEWSWIRE) -- Berman Tabacco, a national law firm representing investors, announces its investigation into potential stockholder claims involving Live Nation Entertainment, Inc. (“Live Nation”) (NYSE:LYV) allegedly deceiving consum…",2025-12-02T21:48:00Z,GlobeNewswire,0,0,0,0,0,technology & ai,Unknown,1,globenewswire
https://www.storagereview.com/news/amd-broadcom-and-hpe-align-on-helios-for-open-rack-scale-ai-infrastructure,"AMD, Broadcom, and HPE Align on Helios for Open, Rack-Scale AI Infrastructure. AMD, Broadcom, and HPE announced their collaboration to accelerate the next generation of open, scalable AI infrastructure powered by AMD computing technologies. HPE will be among the first system providers to adopt AMD’s “Helios” rack-scale AI architecture. …",2025-12-02T21:47:54Z,Storagereview.com,0,0,0,0,0,technology & ai,Unknown,1,storagereview.com
https://pypi.org/project/merlya/0.3.2/,merlya 0.3.2. AI-powered infrastructure orchestration CLI - Vibe Infra for DevOps,2025-12-02T21:47:53Z,Pypi.org,0,0,0,0,0,technology & ai,Unknown,1,pypi.org
https://pypi.org/project/cirq/1.7.0.dev20251202213334/,"cirq 1.7.0.dev20251202213334. A framework for creating, editing, and invoking Noisy Intermediate Scale Quantum (NISQ) circuits.",2025-12-02T21:47:44Z,Pypi.org,0,0,0,0,0,media & journalism,Unknown,1,pypi.org
https://biztoc.com/x/95507f0a5bff0477,"American Eagle stock jumps 15% as it expects a big holiday, raises forecast after Sydney Sweeney ads.",2025-12-02T21:46:06Z,Biztoc.com,0,0,0,0,0,technology & ai,Unknown,1,biztoc.com
https://pypi.org/project/cirq-core/1.7.0.dev20251202213334/,"cirq-core 1.7.0.dev20251202213334. A framework for creating, editing, and invoking Noisy Intermediate Scale Quantum (NISQ) circuits.",2025-12-02T21:47:36Z,Pypi.org,0,0,0,0,0,media & journalism,Unknown,1,pypi.org
https://www.digitaljournal.com/world/tech-boss-dell-gives-6-25bn-to-trump-accounts-for-kids/article,"Tech boss Dell gives $6.25bn to ‘Trump accounts’ for kids. Computer tycoon Michael Dell and his wife Susan said Tuesday they were giving $6.25 billion to children’s trust funds under a scheme set up by US President Donald Trump. So-called “Trump accounts” containing $1,000 for all children born after January 1, 2025 …",2025-12-02T21:47:20Z,Digital Journal,0,0,0,0,0,technology & ai,Unknown,1,digital_journal
https://www.channelnewsasia.com/business/att-commits-ending-dei-programs-5529086,"AT&T commits to ending DEI programs. WASHINGTON, Dec 2 : U.S. wireless carrier AT&T said in a letter to the U.S. telecoms regulator that it had committed to ending diversity, equity and inclusion programs, a move that comes as it seeks approval from the Trump administration to buy wireless spect…",2025-12-02T21:46:53Z,CNA,0,0,0,0,0,technology & ai,Unknown,1,cna
https://biztoc.com/x/23fb13bb3a7167f3,"Putin-Witkoff meeting said to have ended after 5 hrs. Russian President Vladimir Putin's negotiations with United States Special Envoy Steve Witkoff have concluded after almost five hours, Russia's Kommersant newspaper reported on Tuesday.Presidential ai...",2025-12-02T21:46:28Z,Biztoc.com,0,0,0,0,0,war & foreign policy,United States,1,biztoc.com
https://biztoc.com/x/d2715e820ecd376a,"Marvell Stock Falls After Posting Earnings Beat, Celestial AI Deal. Marvell stock fell despite the chipmaker beating earnings estimates. 
The post Marvell Stock Falls After Posting Earnings Beat, Celestial AI Deal appeared first on Investor's Business Daily.",2025-12-02T21:46:27Z,Biztoc.com,0,0,0,0,0,technology & ai,Unknown,1,biztoc.com
https://biztoc.com/x/d132737492987941,"A look at the Thanksgiving shopping weekend and what’s next. By ANNE D’INNOCENZIO, Associated Press
NEW YORK (AP) — The nation’s shoppers may feel gloomy about the economy, but they certainly were in the mood to shop over the five-day Thanksgiving weekend that wrapped up on Cyber Monday.
As Wall Street analysts and ret…",2025-12-02T21:46:26Z,Biztoc.com,0,0,0,0,0,technology & ai,Unknown,1,biztoc.com
https://biztoc.com/x/18a6aa4510fbeb23,Sources say President Trump's efforts to block state-level AI regulations through a preemption proposal are facing significant opposition on Capitol Hill.,2025-12-02T21:46:25Z,Biztoc.com,0,0,0,0,0,technology & ai,Unknown,1,biztoc.com
https://biztoc.com/x/934f21b76f7ddd8b,"Gas Prices Hit Four-Year Low, Forcing Even CNN To Admit Affordability Squeeze Easing. Gas Prices Hit Four-Year Low, Forcing Even CNN To Admit Affordability Squeeze Easing
 
President Trump's Operation Affordability has focused on lower energy costs for consumers this year. The administration's aggressive ""drill baby, drill"" posture has transla…",2025-12-02T21:46:24Z,Biztoc.com,0,0,0,0,0,energy & resources,Unknown,1,biztoc.com
https://www.zdnet.com/home-and-office/these-10-surprisingly-useful-tools-are-still-on-sale-after-cyber-monday-and-i-vouch-for-them-all/,"These 10 surprisingly useful tools are still on sale after Cyber Monday - and I vouch for them all. Black Friday and Cyber Monday are over, but these useful gadgets that make great gifts are still on sale.",2025-12-02T21:46:15Z,ZDNet,0,0,0,0,0,race & ethnicity,Unknown,1,zdnet
http://electrek.co/2025/12/02/amid-affordability-crisis-white-house-plans-to-raise-your-fuel-costs-by-23b/,"Amid affordability crisis, White House plans to raise your fuel costs by $23B. Tomorrow, the reality TV contestant squatting as head of the Dept of Transportation may announce a hike in US fuel costs by $23 billion.",2025-12-02T21:38:47Z,Electrek,0,0,0,0,0,terrorism & extremism,Unknown,4,electrek
https://japantoday.com/category/crime/Accused-Abe-assassin-says-he-dreaded-Unification-Church-gaining-recognition,Accused Abe assassin says he dreaded Unification Church gaining recognition. The man standing trial for the 2022 assassination of former Japanese Prime Minister Shinzo Abe said Tuesday he could not bear the thought of the Unification Church gaining public recognition through Abe's association it. Tetsuya Yamagami told the Nara Distric…,2025-12-02T21:37:21Z,Japan Today,0,0,0,0,0,technology & ai,Japan,1,japan_today
https://japantoday.com/category/world/uk-government-plans-to-scrap-some-jury-trials-in-an-attempt-to-clear-a-court-backlog,"UK government plans to scrap some jury trials in an attempt to clear a court backlog. The right to trial by jury will be pared back in Britain in an attempt to clear a backlog of cases clogging up the justice system, the government announced Tuesday. Justice Secretary David Lammy said overload and delays had created “an emergency in our courts…",2025-12-02T21:28:58Z,Japan Today,0,0,0,0,0,technology & ai,Britain,3,japan_today
https://mjtsai.com/blog/2025/12/02/anthropic-acquires-bun/,"Anthropic Acquires Bun. Jarred Sumner (via Hacker News): Bun has been acquired by Anthropic. Anthropic is betting on Bun as the infrastructure powering Claude Code, Claude Agent SDK, and future AI coding products & tools.[…]Bun stays open-source & MIT-licensedBun continues to be ext…",2025-12-02T21:37:20Z,Mjtsai.com,0,0,0,0,0,technology & ai,Unknown,1,mjtsai.com
https://japantoday.com/category/tech/amazon-unveils-new-ai-chip-in-battle-against-nvidia,"Amazon unveils new AI chip in battle against Nvidia. Amazon Web Services launched its in-house-built Trainium3 AI chip on Tuesday, marking a significant push to compete with Nvidia in the lucrative market for artificial intelligence computing power. The move intensifies competition in the AI chip market, where …",2025-12-02T21:34:01Z,Japan Today,0,0,0,0,0,technology & ai,Unknown,1,japan_today
https://japantoday.com/category/tech/corrected-japan-aims-to-raise-usage-of-ai-to-80-to-catch-up-with-global-peers,"Japan aims to raise usage of AI to 80% to catch up with global peers. The Japanese government aims to eventually raise the individual usage of generative artificial intelligence to 80 percent from around 25 percent in fiscal 2024, as the country lags in the use of the technology, draft guidelines for AI use showed Tuesday. Acco…",2025-12-02T21:33:48Z,Japan Today,0,0,0,0,0,technology & ai,Japan,1,japan_today
https://cointelegraph.com/news/banks-euro-stablecoin-plans,Group of EU banks pushes for a euro-pegged stablecoin by 2027. The entity formed by 10 banks is working on obtaining regulatory approval from the Dutch Central Bank to launch a stablecoin “in the second half of 2026.”,2025-12-02T21:33:30Z,Cointelegraph,0,0,0,0,0,technology & ai,Unknown,1,cointelegraph
https://www.rte.ie/news/2025/1202/1546976-irish-ambassador-israel/,Irish ambassador to Israel rebuked over Herzog Park move. Israel's Foreign Minister has posted a video of an exchange with the Irish Ambassador to Israel in which he criticizes Ireland over efforts to rename Herzog Park in Dublin.,2025-12-02T21:33:17Z,RTE,0,0,0,0,0,war & foreign policy,Ireland,1,rte
https://nypost.com/2025/12/02/world-news/nir-oz-lost-a-quarter-of-its-residents-in-oct-7s-massacre-but-is-resolute-on-a-rebirth/,"Nir Oz lost a quarter of its residents in Oct. 7’s massacre — but is resolute on a rebirth. Kibbutz Nir Oz is rebuilding — slowly.  This once-idyllic, idealistic community of 415 residents was among the hardest hit by the Oct. 7, 2023, massacre.  Hamas and other terrorists murdered or kidnapped 117 people from the kibbutz — more than one in four res…",2025-12-02T21:33:12Z,New York Post,0,0,0,0,0,terrorism & extremism,Unknown,5,new_york_post
https://financialpost.com/pmn/puerto-rico-holds-hearings-on-proposed-power-bill-increases-as-customers-fume-and-outages-persist,"Puerto Rico holds hearings on proposed power bill increases as customers fume and outages persist. SAN JUAN, Puerto Rico (AP) — Puerto Rico is holding key hearings on fee increase requests from private power companies that, if approved, could see the U.S. territory’s average residential bill rise by at least 40% on an island with a high poverty rate and so…",2025-12-02T21:33:07Z,Financial Post,0,0,0,0,0,technology & ai,Unknown,1,financial_post
https://www.globenewswire.com/news-release/2025/12/02/3198447/32716/en/KMX-Investor-Alert-Hagens-Berman-Notifies-Investors-of-Suit-Over-CarMax-s-Alleged-Temporary-Demand-Pull-Forward-and-Loan-Portfolio-Risk.html,KMX Investor Alert: Hagens Berman Notifies Investors of Suit Over CarMax’s Alleged “Temporary Demand Pull-Forward” and Loan Portfolio Risk. Partner Reed Kathrein Scrutinizing Undisclosed Business Weakness Preceding Dual Stock Crashes Totaling Over 44% Partner Reed Kathrein Scrutinizing Undisclosed Business Weakness Preceding Dual Stock Crashes Totaling Over 44%,2025-12-02T21:33:00Z,GlobeNewswire,0,0,0,0,0,war & foreign policy,Unknown,4,globenewswire
https://www.globenewswire.com/news-release/2025/12/02/3198446/0/en/Check-Point-Software-Announces-Proposed-Private-Offering-of-1-5-Billion-of-0-00-Convertible-Senior-Notes-due-2030.html,"Check Point Software Announces Proposed Private Offering of $1.5 Billion of 0.00% Convertible Senior Notes due 2030. TEL AVIV, Israel, Dec. 02, 2025 (GLOBE NEWSWIRE) -- Check Point Software Technologies Ltd. (NASDAQ: CHKP), a pioneer and global leader of cyber security solutions, today announced its intention to offer, subject to market conditions and other factors, $1.5 bi…",2025-12-02T21:33:00Z,GlobeNewswire,0,0,0,0,0,war & foreign policy,Israel,4,globenewswire
https://slashdot.org/firehose.pl?op=view&amp;id=180269193,"New ICE Operation Is Said to Target Somali Migrants in Minneapolis and St. Paul - The New York Times. New ICE Operation Is Said to Target Somali Migrants in Minneapolis and St. PaulThe New York Times Trump Live Updates: Cabinet Meeting, Russia-Ukraine War Talks and MoreThe New York Times Trump calls Somali immigrants ‘garbage’ as US reportedly targets Minneso…",2025-12-02T21:32:36Z,Slashdot.org,0,0,0,0,0,war & foreign policy,Russia,4,slashdot.org
https://slashdot.org/firehose.pl?op=view&amp;id=180269191,Why is US President Trump threatening Venezuela's President Maduro? - BBC. Why is US President Trump threatening Venezuela's President Maduro?BBC Trump-style regime change in VenezuelaFinancial Times Will Trump Oust Venezuela’s Maduro? What the Odds SayNewsweek Venezuela and the world will be far better off with the Maduro regime GO…,2025-12-02T21:32:26Z,Slashdot.org,0,0,0,0,0,politics,Venezuela,3,slashdot.org
https://sports.yahoo.com/mma/article/frustrated-tom-aspinall-tells-all-in-first-interview-since-ciryl-gane-eye-pokes-ive-done-a-lot-for-the-ufc-213224594.html,'I've done a lot for the UFC': Frustrated Tom Aspinall tells all in first interview since Ciryl Gane eye-pokes. The UFC heavyweight champion was brutally honest Tuesday in his first public conversation since UFC 321's ill-fated bout against Ciryl Gane.,2025-12-02T21:32:24Z,Yahoo Entertainment,0,0,0,0,0,technology & ai,Unknown,1,yahoo_entertainment
https://biztoc.com/x/26e6b39aab2ba327,House Majority Leader Scalise says AI preemption is out of National Defense Authorization Act. CNBC's Emily Wilkins reports on news regarding Congress.,2025-12-02T21:32:17Z,Biztoc.com,0,0,0,0,0,technology & ai,Unknown,1,biztoc.com
https://www.kpbs.org/podcasts/kpbs-midday-edition/chula-vista-moves-step-closer-to-bringing-university-to-south-bay,"Chula Vista moves step closer to bringing university to South Bay. For 30 years, Chula Vista leaders have sought to bring a new four-year public university to San Diego's South County. Now, that dream is closer to becoming a reality.",2025-12-02T21:32:00Z,KPBS,0,0,0,0,0,education,Unknown,1,kpbs
https://japantoday.com/category/politics/pm-takaichi-vows-to-speed-up-gov%27t-efforts-for-fukushima-reconstruction,Takaichi vows to speed up gov't efforts for Fukushima reconstruction. Prime Minister Sanae Takaichi vowed Tuesday to speed up government work toward reconstruction in Fukushima Prefecture during her first visit to the region devastated by an earthquake and nuclear disaster in 2011. &quot;With the determination that all of my ca…,2025-12-02T21:31:38Z,Japan Today,0,0,0,0,0,war & foreign policy,Uk,5,japan_today
https://www.businessinsider.com/k-and-w-cafeteria-restaurant-chain-closes-all-locations-2025-12,"Restaurant chain K&W Cafeteria abruptly closes all its locations after 88-year run. K&W Cafeteria, known for its affordable, homestyle meals like baked spaghetti, announced its permanent closure in a Facebook post.",2025-12-02T21:30:50Z,Business Insider,0,0,0,0,0,technology & ai,Unknown,1,business_insider
https://www.globenewswire.com/news-release/2025/12/02/3198442/0/en/Publication-relating-to-transparency-notifications.html,"Publication relating to transparency notifications. REGULATED INFORMATION  Publication relating to transparency notifications  Mont-Saint-Guibert (Belgium), December 2, 2025, 10:30 pm CET...",2025-12-02T21:30:00Z,GlobeNewswire,0,0,0,0,0,technology & ai,Belgium,1,globenewswire
https://www.memeorandum.com/251202/p118,"Trump Administration Snubs States Asking Why the DOJ Wants Their Voter Data (Jim Saksa/Democracy Docket). Jim Saksa / Democracy Docket:
Trump Administration Snubs States Asking Why the DOJ Wants Their Voter Data  —  The Trump Administration is ignoring a request from the top election officials in 10 states asking for more information on how the Department of Just…",2025-12-02T21:30:00Z,Memeorandum.com,0,0,0,0,0,politics,Unknown,1,memeorandum.com
https://www.globenewswire.com/news-release/2025/12/02/3198438/0/en/Hyperliquid-Strategies-Inc-and-Sonnet-BioTherapeutics-Holdings-Inc-Announce-Closing-of-Business-Combination.html,"Hyperliquid Strategies Inc and Sonnet BioTherapeutics Holdings, Inc. Announce Closing of Business Combination. Hyperliquid Strategies Common Stock Expected to Begin Trading on Nasdaq on Wednesday, December 3 Under the Ticker “PURR” Hyperliquid Strategies Common Stock Expected to Begin Trading on Nasdaq on Wednesday, December 3 Under the Ticker “PURR”",2025-12-02T21:30:00Z,GlobeNewswire,0,0,0,0,0,business & corporate,Unknown,1,globenewswire
https://www.globenewswire.com/news-release/2025/12/02/3198440/0/en/Olema-Oncology-Reports-Inducement-Grants-Under-Nasdaq-Listing-Rule-5635-c-4.html,Olema Oncology Reports Inducement Grants Under Nasdaq Listing Rule 5635(c)(4). Olema Oncology Reports Inducement Grants Under Nasdaq Listing Rule 5635(c)(4)......,2025-12-02T21:30:00Z,GlobeNewswire,0,0,0,0,0,infrastructure & supply chain,Unknown,1,globenewswire
https://9to5mac.com/2025/12/02/how-to-use-new-airpods-features/,"AirPods keep getting better: How to use the newest features. Did you just unbox some new AirPods 4 or AirPods Pro thanks to the killer Black Friday and Cyber Monday deals? If so, there’s a lot you need to know. 



Over the last two years, AirPods have gotten significantly better thanks to new software updates from App…",2025-12-02T21:29:31Z,9to5Mac,0,0,0,0,0,war & foreign policy,Unknown,4,9to5mac
https://zycrypto.com/xrp-and-rlusd-global-glow-up-continues-as-ripple-secures-key-approval-to-expand-payment-activities-in-singapore/,XRP And RLUSD Global Glow-Up Continues As Ripple Secures Key Approval To Expand Payment Activities In Singapore. Ripple has received approval from Singapore’s central bank to expand the scope of its payment activities in the region.,2025-12-02T21:29:25Z,ZyCrypto,0,0,0,0,0,technology & ai,Singapore,1,zycrypto
https://mediaincanada.com/2025/12/02/pattison-elevating-voices-grant-program/,Pattison launches annual Elevating Voices grant program. The initiative will grant $1 million in media space to organizations driving diversity efforts.Read More,2025-12-02T21:34:07Z,Mediaincanada.com,0,0,0,0,0,media & journalism,Unknown,1,mediaincanada.com
https://www.mediaite.com/media/news/fox-news-military-analysts-says-commanders-often-must-reattack-to-kill-the-rest-of-the-people/,"Fox News Military Analysts Says Commanders Often Must Reattack to ‘Kill the Rest of the People’. ""In about 25% of these kinds of attacks, we do reattack... if the people are the objective, to kill the rest of the people,"" General Keane said on Fox News
The post Fox News Military Analysts Says Commanders Often Must Reattack to ‘Kill the Rest of the People…",2025-12-02T21:34:24Z,Mediaite,0,0,0,0,0,war & foreign policy,Unknown,4,mediaite
https://biztoc.com/x/43c3a489cda95824,This underappreciated holiday flower has upside-down blooms.,2025-12-02T21:34:36Z,Biztoc.com,0,0,0,0,0,technology & ai,Unknown,1,biztoc.com
https://www.channelnewsasia.com/world/novo-nordisk-justifies-reasoning-behind-failed-glp-1-alzheimers-trials-5529031,"Novo Nordisk justifies reasoning behind failed GLP-1 Alzheimer's trials. Despite a lack of results from the trials, the Vice President of the company says ""we still think it was the right decision.""",2025-12-02T21:35:07Z,CNA,0,0,0,0,0,technology & ai,Unknown,1,cna
https://pypi.org/project/enginecli-dev/2.0.5/,enginecli-dev 2.0.5. AI-powered code generation CLI with context-aware intelligence,2025-12-02T21:36:48Z,Pypi.org,0,0,0,0,0,war & foreign policy,Unknown,4,pypi.org
https://mjtsai.com/blog/2025/12/02/airbus-a320-solar-radiation-recall/,"Airbus A320 Solar Radiation Recall. Gary Leff (Hacker News): According to aviation insiders, there’s a possible grounding of Airbus narrowbodies coming worldwide.[…]10-15 passengers were hospitalized after the aircraft rapidly descended without being instructed by pilots to do so. The uncontrol…",2025-12-02T21:36:25Z,Mjtsai.com,0,0,0,0,0,technology & ai,Unknown,1,mjtsai.com
https://mjtsai.com/blog/2025/12/02/john-giannandrea-leaving-apple/,"John Giannandrea Leaving Apple. Apple (Hacker News, MacRumors, The Register, NY Times, TechCrunch): Apple today announced John Giannandrea, Apple’s senior vice president for Machine Learning and AI Strategy, is stepping down from his position and will serve as an advisor to the company befo…",2025-12-02T21:36:14Z,Mjtsai.com,0,0,0,0,0,technology & ai,Unknown,1,mjtsai.com
https://www.businessinsider.com/amazon-is-testing-ultrafast-delivery-in-30-minutes-or-less-2025-12,Amazon is speeding up its delivery with a new ultrafast test that arrives in 30 minutes or less. Amazon says customers in certain markets can get thousands of essentials delivered in under 30 minutes. Walmart is also racing to speed up delivery.,2025-12-02T21:35:37Z,Business Insider,0,0,0,0,0,technology & ai,Unknown,1,business_insider
https://sports.yahoo.com/college-football/breaking-news/article/reports-byu-coach-kalani-sitake-spurning-penn-state-and-will-stay-with-cougars-213524807.html,Reports: BYU coach Kalani Sitake spurning Penn State and will stay with Cougars. Sitake has been BYU's coach since 2016.,2025-12-02T21:35:24Z,Yahoo Entertainment,0,0,0,0,0,infrastructure & supply chain,Unknown,1,yahoo_entertainment
https://biztoc.com/x/70039577b5d40f42,"Marvell Stock Slides After Q3 Earnings, Acquires Celestial AI. Marvell Technology Inc. (NASDAQ:MRVL) stock slid in Tuesday's extended trading after the company announced third quarter earnings results and the acquisition of Celestial AI. 
Here's a look at the details in the report. 
MRVL stock is moving. Watch the price …",2025-12-02T21:35:14Z,Biztoc.com,0,0,0,0,0,technology & ai,Unknown,1,biztoc.com
https://biztoc.com/x/ed5d6550518bf5c9,"Oil and gas prices expected to stay significantly lower through 2026. Oil and gasoline prices are expected to decline next year, according to the latest forecast from the Energy Information Administration (EIA).
The EIA published its November Short-Term Energy Outlook last month, which projected that the price of Brent crude oi…",2025-12-02T21:35:11Z,Biztoc.com,0,0,0,0,0,energy & resources,Unknown,1,biztoc.com
http://twistedsifter.com/2025/12/a-lawyers-client-wouldnt-take-their-advice-to-file-a-lawsuit-after-a-fire-but-they-went-behind-his-back-and-did-it-anyway-and-the-company-got-paid-by-the-insurance-company/,"A Lawyer’s Client Wouldn’t Take Their Advice To File A Lawsuit After A Fire, But They Went Behind His Back And Did it Anyway And The Company Got Paid By The Insurance Company. Always listen to your lawyer...

Or you'll end up in hot water!",2025-12-02T21:35:09Z,Twistedsifter.com,0,0,0,0,0,technology & ai,Unknown,1,twistedsifter.com
https://japantoday.com/category/business/prada-group-says-it-has-purchased-fashion-rival-versace-in-a-deal-worth-nearly-1.4-billion,"Prada buys Versace for $1.4 billion, in bid to relaunch sexier Milan rival. The Prada Group closed the purchase of Milan fashion rival Versace in a $1.375 billion cash deal that puts the fashion house known for its sexy silhouettes under the same roof as Prada’s “ugly chic” aesthetic and Miu Miu ’s youth-driven appeal.  The highly an…",2025-12-02T21:35:08Z,Japan Today,0,0,0,0,0,technology & ai,Unknown,1,japan_today
https://biztoc.com/x/28b4690bfc57145f,"McIver says Habba’s disqualification proves Trump’s DOJ is ‘chaotic’ and ‘illegal’. A federal appeals court on Monday upheld a lower court’s ruling that Alina Habba is unlawfully serving as the top federal prosecutor in New Jersey, thus dealing another blow to Donald Trump’s efforts to install loyalists in U.S. attorney offices across the co…",2025-12-02T21:35:06Z,Biztoc.com,0,0,0,0,0,technology & ai,Unknown,1,biztoc.com
https://timesofindia.indiatimes.com/india/illegal-migrants-have-no-legal-rights-says-sc/articleshow/125728314.cms,"Illegal migrants have no legal rights, says SC. India News: NEW DELHI: Supreme Court Tuesday said intruders and illegal immigrants have no legal right and hoped every citizen is aware of this problem in northea.",2025-12-02T21:34:38Z,The Times of India,0,0,0,0,0,war & foreign policy,India,4,the_times_of_india
https://biztoc.com/x/84f4ccea015767a0,"Citigroup Strategists Say AI Boom Supports Strength of US Dollar. Citigroup strategists reportedly said the artificial intelligence (AI) boom and the resiliency of global trade have reversed the weakness in the U.S. dollar that was seen during the first half of the year.
 
 
 
 
Citi strategists recommended in a Tuesday (De…",2025-12-02T21:35:05Z,Biztoc.com,0,0,0,0,0,technology & ai,Unknown,1,biztoc.com
https://www.techmeme.com/251202/p53,"Sources say President Trump's efforts to block state-level AI regulations through a preemption proposal are facing significant opposition on Capitol Hill (Axios). Axios:
Sources say President Trump's efforts to block state-level AI regulations through a preemption proposal are facing significant opposition on Capitol Hill  —  Pressure from President Trump to block state-level AI regulation is falling short on Capitol H…",2025-12-02T21:35:01Z,Techmeme.com,0,0,0,0,0,technology & ai,Unknown,1,techmeme.com
https://biztoc.com/x/09df4fcd4b7c2011,How a Solar Flare Grounded Airbus Planes—and Knocked Down Its Stock.,2025-12-02T21:34:56Z,Biztoc.com,0,0,0,0,0,technology & ai,Unknown,1,biztoc.com
https://biztoc.com/x/cc4544722febcfb6,"Mark Kelly blasts ‘incompetent’ Pete Hegseth over boat strikes. Sen. Mark Kelly, D-Ariz., blasted Defense Secretary Pete Hegseth on Tuesday’s “Morning Joe” over reports that Hegseth may have committed war crimes during a military strike on a suspected drug boat in September.
Hegseth has come under fire after the White Hou…",2025-12-02T21:34:51Z,Biztoc.com,0,0,0,0,0,war & foreign policy,Unknown,4,biztoc.com
https://babylonbee.com/news/tsa-warns-anyone-who-doesnt-acquire-a-real-id-will-be-sent-to-line-manned-by-creepy-kevin,"TSA Warns Anyone Who Doesn't Acquire A Real ID Will Be Sent To Line Manned By Creepy Kevin. SPRINGFIELD, VA — As the Department of Homeland Security sought to tighten security across the board for travelers around the country, the Transportation Security Administration announced that anyone who doesn't acquire a Real ID by the appointed deadline wil…",2025-12-02T21:34:50Z,Babylonbee.com,0,0,0,0,0,war & foreign policy,Unknown,5,babylonbee.com
https://biztoc.com/x/1416c653a03e0729,"Rep. Ayanna Pressley will run for re-election, foregoing Senate race. Rep. Ayanna Pressley won’t challenge Sen. Ed Markey for his Senate seat and instead plans to seek reelection to her House seat, she announced today, ending weeks of speculation about the progressive Democrat’s political future. 
“Hearing from so many people f…",2025-12-02T21:34:48Z,Biztoc.com,0,0,0,0,0,politics,Unknown,1,biztoc.com
https://biztoc.com/x/75a8ae6eb14ba2ae,November ADP Jobs Data Could Complicate the Fed’s Rate Decision.,2025-12-02T21:34:45Z,Biztoc.com,0,0,0,0,0,economics,Unknown,1,biztoc.com
https://biztoc.com/x/0176847f0fcc9e54,"Restaurant chain K&W Cafeteria abruptly closes all its locations after 88-year run. K&W Cafeteria shuttered all of its locations this week.
Kristoffer Tripplaar/Sipa USA/ Reuters
K&W Cafeteria has closed all of its locations after nearly nine decades in business.
The cafeteria-style Southern comfort food restaurant chain faced declining sale…",2025-12-02T21:34:39Z,Biztoc.com,0,0,0,0,0,technology & ai,United States,1,biztoc.com
https://japantoday.com/category/tech/openai-ceo-sam-altman-declares-%27code-red%27-to-improve-chatgpt-amid-rising-competition-in-ai-chatbots,"OpenAI CEO Sam Altman declares 'code red' to improve ChatGPT amid rising competition. OpenAI CEO Sam Altman has set off a “code red” alert to employees to improve its flagship product, ChatGPT, and delay other product developments, according to The Wall Street Journal.  The newspaper reported that Altman sent an internal memo to staff Monday s…",2025-12-02T21:34:38Z,Japan Today,0,0,0,0,0,technology & ai,Unknown,1,japan_today
https://www.jalopnik.com/2037222/leather-vs-leatherette-upholstery-pros-and-cons/,"Leather Vs. Leatherette Upholstery: The Pros And Cons Explained. If leather car seats indicate quality and opulence, what does leatherette represent? Here's how these two materials compare in comfort, durability, and upkeep.",2025-12-02T21:05:00Z,Jalopnik,0,0,0,0,0,technology & ai,Unknown,1,jalopnik
